"rx_id","precursor_smiles","product_smiles_main","product_smiles_all","is_multi_product","reactants_all","fragment_count","products_all","product_main_smiles","rxn_key","rxn_key_hash","sample_id","rxn_smiles_mapped","map_status","map_fail_reason","mapping_confidence","precursor_type","precursor_subtype","core_atom_map","core_bond_changes","core_extraction_status","core_fail_reason","new_ring_size","reaction_type","reaction_type_confidence","reaction_evidence","raw_graph_delta","reaction_center_atoms_raw","mechanistic_forming_bonds","mechanistic_broken_bonds","resolver_name","resolver_status","resolver_provenance","chemical_sanity_status","topology","topology_evidence","cyclo_mode","cyclo_mode_reason","yield","yield_individual","yield_overall","yield_source","yield_amount","yield_unit","is_censored","is_upper_bound","is_interval","reactivity_label","de","ee","dr_major","dr_minor","stereo_source","temp_celsius","temp_kelvin","temp_min_c","temp_max_c","temp_profile_raw","solvent","base","time_total_h","n_stages_time","has_lewis_acid","has_metal_catalyst","n_solvents","n_reagents","n_catalysts","solvents_str","reagents_str","catalysts_str","leaving_group","mass_balance_status","mass_balance_ok","yield_status","has_stereo","stereo_consistency","quality_flag","notes","formed_edges_json","broken_edges_json","bond_order_changed_json","aromaticity_changed_json","sentinel_severity","sentinel_score","sentinel_reasons","mapping_strategy","mapping_status","mapping_confidence","mapping_decision","rxnmapper_score","mces_score","mces_status","ring_closure_distance_score","bridgehead_mismatch_count","shared_ring_mismatch_count","polycyclic_escape_count","aromatic_support_score","hybridization_support_score","mapping_provenance","identity_validation_status","identity_validation_reasons","furan_oxygen_destination","bridge_oxygen_provenance","mapping_trusted_for_graph_delta","mapping_trusted_for_mechanistic"
"1","C=C=CN(CCCc1ccco1)C(=O)OC(C)(C)C","CC(C)(C)OC(=O)N1CCC[C@@]23C=C[C@@H](CC(=O)[C@H]12)O3","CC(C)(C)OC(=O)N1CCC[C@@]23C=C[C@@H](CC(=O)[C@H]12)O3","False","O=C(OC(C)(C)C)N(C=C=C)CCCC1=CC=CO1","1","O=C1C[C@@H]2C=C[C@]3(O2)CCCN(C(OC(C)(C)C)=O)[C@]31[H]","CC(C)(C)OC(=O)N1CCC[C@@]23C=C[C@@H](CC(=O)[C@H]12)O3","C=C=CN(CCCc1ccco1)C(=O)OC(C)(C)C>>CC(C)(C)OC(=O)N1CCC[C@@]23C=C[C@@H](CC(=O)[C@H]12)O3","e0df319b54d8d7cc642f7d4bd9741a46a4eb39b742b8e2222302e69ab1e5bfbf","e0df319b54d8d7cc__d2560d","[CH2:1]=[C:2]=[CH:3][N:4]([CH2:5][CH2:6][CH2:7][c:8]1[cH:9][cH:10][cH:11][o:12]1)[C:13](=[O:14])[O:15][C:16]([CH3:17])([CH3:18])[CH3:19]>>O=[C:6]1[C@@H:5]2[N:4]([C:13](=[O:14])[O:15][C:16]([CH3:17])([CH3:18])[CH3:19])[CH2:3][CH2:2][CH2:1][C@@:11]23[CH:10]=[CH:9][C@@H:8]([CH2:7]1)[O:12]3","OK","","0.793","allenamide","general","{""1"": 1, ""10"": 10, ""11"": 11, ""12"": 12, ""2"": 2, ""3"": 3, ""4"": 4, ""7"": 7, ""8"": 8, ""9"": 9}","5-11:formed;7-8:formed;1-2:order_changed(DOUBLE→SINGLE);2-3:order_changed(DOUBLE→SINGLE);8-9:order_changed(AROMATIC→SINGLE);8-12:order_changed(AROMATIC→SINGLE);9-10:order_changed(AROMATIC→DOUBLE);10-11:order_changed(AROMATIC→SINGLE);11-12:order_changed(AROMATIC→SINGLE)","OK","","7","4+3","HIGH","resolver:dearomatization_cycloaddition;family:4+3;consistency:consistent;n_frags:1;topology_hint:INTRA","{""formed"": [[1, 11], [5, 11]], ""broken"": [], ""order_changed"": [[1, 2, ""DOUBLE"", ""SINGLE""], [2, 3, ""DOUBLE"", ""SINGLE""], [8, 9, ""AROMATIC"", ""SINGLE""], [8, 12, ""AROMATIC"", ""SINGLE""], [9, 10, ""AROMATIC"", ""DOUBLE""], [10, 11, ""AROMATIC"", ""SINGLE""], [11, 12, ""AROMATIC"", ""SINGLE""]]}","[1, 2, 3, 5, 8, 9, 10, 11, 12]","[[5, 11], [7, 8]]","","dearomatization_cycloaddition","RESOLVED","{""furan_atoms"": [8, 11], ""allenamide_atoms"": [1, 3], ""raw_formed_count"": 2, ""mechanistic_formed_count"": 2, ""ring_validation"": ""intramolecular_bypass"", ""selection_method"": ""fallback"", ""component_contract_satisfied"": false, ""precursor_type"": ""allenamide"", ""precursor_subtype"": ""general"", ""intramolecular_resolution"": true}","PASS","INTRA_TYPE_I","tether:saturated_chain","[4+3]","reaction_type:4+3","0.05","","","text","0.05","fraction","True","True","False","REACTIVE","","","","","","-45","228.14999999999998","-45.0","-45.0","-45","CH2Cl2","DMDO","","0","False","False","1","1","0","CH2Cl2","DMDO","","","NOT_EVALUABLE","False","OK","True","NA","GOOD","","[[1, 11], [5, 11]]","[]","[[1, 2, 2.0, 1.0], [2, 3, 2.0, 1.0], [8, 9, 1.5, 1.0], [8, 12, 1.5, 1.0], [9, 10, 1.5, 2.0], [10, 11, 1.5, 1.0], [11, 12, 1.5, 1.0]]","[[8, 9], [8, 12], [9, 10], [10, 11], [11, 12]]","PASS","1.0","[]","mces_primary","OK","0.793","ACCEPT","","0.793","SUCCESS","1.0","0","0","0","1.0","1.0","{""strategy"": ""mces_primary"", ""mces_triggered"": true, ""mces_changed_winner"": true, ""mces_num_candidates"": 1, ""mces_coverage"": 0.95}","PASS","[]","bridge_o","mapped","True","True"
"2","C=C=CN(CCCc1ccco1)C(=O)OCc1ccccc1","O=C1C[C@@H]2C=C[C@@]3(CCCN(C(=O)OCc4ccccc4)[C@@H]13)O2","O=C1C[C@@H]2C=C[C@@]3(CCCN(C(=O)OCc4ccccc4)[C@@H]13)O2","False","O=C(OCC1=CC=CC=C1)N(C=C=C)CCCC2=CC=CO2","1","O=C1C[C@@H]2C=C[C@]3(O2)CCCN(C(OCC4=CC=CC=C4)=O)[C@]31[H]","O=C1C[C@@H]2C=C[C@@]3(CCCN(C(=O)OCc4ccccc4)[C@@H]13)O2","C=C=CN(CCCc1ccco1)C(=O)OCc1ccccc1>>O=C1C[C@@H]2C=C[C@@]3(CCCN(C(=O)OCc4ccccc4)[C@@H]13)O2","55c94357dd8193407d20cedb2f689ebc539e3c0fc01405207ce1f8641186a1ff","55c94357dd819340__d0f094","[CH2:1]=[C:2]=[CH:3][N:4]([CH2:5][CH2:6][CH2:7][c:8]1[cH:9][cH:10][cH:11][o:12]1)[C:13](=[O:14])[O:15][CH2:16][c:17]1[cH:18][cH:19][cH:20][cH:21][cH:22]1>>O=[C:2]1[CH2:1][C@@H:11]2[CH:10]=[CH:9][C@:8]3([C@H:3]1[N:4]([C:13](=[O:14])[O:15][CH2:16][c:17]1[cH:18][cH:19][cH:20][cH:21][cH:22]1)[CH2:5][CH2:6][CH2:7]3)[O:12]2","OK","","0.8287826086956522","allenamide","general","{""1"": 1, ""10"": 10, ""11"": 11, ""12"": 12, ""2"": 2, ""3"": 3, ""4"": 4, ""7"": 7, ""8"": 8, ""9"": 9}","1-11:formed;3-8:formed;1-2:order_changed(DOUBLE→SINGLE);2-3:order_changed(DOUBLE→SINGLE);8-9:order_changed(AROMATIC→SINGLE);8-12:order_changed(AROMATIC→SINGLE);9-10:order_changed(AROMATIC→DOUBLE);10-11:order_changed(AROMATIC→SINGLE);11-12:order_changed(AROMATIC→SINGLE)","OK","","7","4+3","HIGH","resolver:dearomatization_cycloaddition;family:4+3;consistency:consistent;n_frags:1;topology_hint:INTRA","{""formed"": [[1, 11], [3, 8]], ""broken"": [], ""order_changed"": [[1, 2, ""DOUBLE"", ""SINGLE""], [2, 3, ""DOUBLE"", ""SINGLE""], [8, 9, ""AROMATIC"", ""SINGLE""], [8, 12, ""AROMATIC"", ""SINGLE""], [9, 10, ""AROMATIC"", ""DOUBLE""], [10, 11, ""AROMATIC"", ""SINGLE""], [11, 12, ""AROMATIC"", ""SINGLE""]]}","[1, 2, 3, 8, 9, 10, 11, 12]","[[1, 11], [3, 8]]","","dearomatization_cycloaddition","RESOLVED","{""furan_atoms"": [8, 11], ""allenamide_atoms"": [1, 3], ""raw_formed_count"": 2, ""mechanistic_formed_count"": 2, ""ring_validation"": ""mismatch"", ""selection_method"": ""smarts_exact"", ""component_contract_satisfied"": true, ""precursor_type"": ""allenamide"", ""precursor_subtype"": ""general""}","PASS","INTRA_TYPE_I","tether:saturated_chain","[4+3]","reaction_type:4+3","0.05","","","text","0.05","fraction","True","True","False","REACTIVE","","","","","","-45","228.14999999999998","-45.0","-45.0","-45","CH2Cl2","DMDO","","0","False","False","1","1","0","CH2Cl2","DMDO","","","NOT_EVALUABLE","False","OK","True","NA","GOOD","","[[1, 11], [3, 8]]","[]","[[1, 2, 2.0, 1.0], [2, 3, 2.0, 1.0], [8, 9, 1.5, 1.0], [8, 12, 1.5, 1.0], [9, 10, 1.5, 2.0], [10, 11, 1.5, 1.0], [11, 12, 1.5, 1.0]]","[[8, 9], [8, 12], [9, 10], [10, 11], [11, 12]]","PASS","1.0","[]","mces_primary","OK","0.8287826086956522","ACCEPT","","0.8287826086956522","SUCCESS","1.0","0","0","0","1.0","1.0","{""strategy"": ""mces_primary"", ""mces_triggered"": true, ""mces_changed_winner"": true, ""mces_num_candidates"": 1, ""mces_coverage"": 0.9565217391304348}","PASS","[]","bridge_o","mapped","True","True"
"3","C=C=CN(CCc1ccco1)C(=O)OCc1ccccc1","O=C1C[C@@H]2C=C[C@@]3(CCN(C(=O)OCc4ccccc4)[C@@H]13)O2","O=C1C[C@@H]2C=C[C@@]3(CCN(C(=O)OCc4ccccc4)[C@@H]13)O2","False","O=C(OCC1=CC=CC=C1)N(C=C=C)CCC2=CC=CO2","1","O=C1C[C@@H]2C=C[C@@]3(O2)[C@]1(N(C(OCC4=CC=CC=C4)=O)CC3)[H]","O=C1C[C@@H]2C=C[C@@]3(CCN(C(=O)OCc4ccccc4)[C@@H]13)O2","C=C=CN(CCc1ccco1)C(=O)OCc1ccccc1>>O=C1C[C@@H]2C=C[C@@]3(CCN(C(=O)OCc4ccccc4)[C@@H]13)O2","d216f9ac4f85b798d0cd533bcdf4d1ee71e195357d5d08d55cec0643c18ec305","d216f9ac4f85b798__ad40ed","[CH2:1]=[C:2]=[CH:3][N:4]([CH2:5][CH2:6][c:7]1[cH:8][cH:9][cH:10][o:11]1)[C:12](=[O:13])[O:14][CH2:15][c:16]1[cH:17][cH:18][cH:19][cH:20][cH:21]1>>O=[C:2]1[CH2:1][C@@H:10]2[CH:9]=[CH:8][C@:7]3([C@H:3]1[N:4]([C:12](=[O:13])[O:14][CH2:15][c:16]1[cH:17][cH:18][cH:19][cH:20][cH:21]1)[CH2:5][CH2:6]3)[O:11]2","OK","","0.8350160427807487","allenamide","general","{""1"": 1, ""10"": 10, ""11"": 11, ""2"": 2, ""3"": 3, ""4"": 4, ""6"": 6, ""7"": 7, ""8"": 8, ""9"": 9}","1-10:formed;3-7:formed;1-2:order_changed(DOUBLE→SINGLE);2-3:order_changed(DOUBLE→SINGLE);7-8:order_changed(AROMATIC→SINGLE);7-11:order_changed(AROMATIC→SINGLE);8-9:order_changed(AROMATIC→DOUBLE);9-10:order_changed(AROMATIC→SINGLE);10-11:order_changed(AROMATIC→SINGLE)","OK","","7","4+3","HIGH","resolver:dearomatization_cycloaddition;family:4+3;consistency:consistent;n_frags:1;topology_hint:INTRA","{""formed"": [[1, 10], [3, 7]], ""broken"": [], ""order_changed"": [[1, 2, ""DOUBLE"", ""SINGLE""], [2, 3, ""DOUBLE"", ""SINGLE""], [7, 8, ""AROMATIC"", ""SINGLE""], [7, 11, ""AROMATIC"", ""SINGLE""], [8, 9, ""AROMATIC"", ""DOUBLE""], [9, 10, ""AROMATIC"", ""SINGLE""], [10, 11, ""AROMATIC"", ""SINGLE""]]}","[1, 2, 3, 7, 8, 9, 10, 11]","[[1, 10], [3, 7]]","","dearomatization_cycloaddition","RESOLVED","{""furan_atoms"": [7, 10], ""allenamide_atoms"": [1, 3], ""raw_formed_count"": 2, ""mechanistic_formed_count"": 2, ""ring_validation"": ""mismatch"", ""selection_method"": ""smarts_exact"", ""component_contract_satisfied"": true, ""precursor_type"": ""allenamide"", ""precursor_subtype"": ""general""}","PASS","INTRA_TYPE_I","tether:saturated_chain","[4+3]","reaction_type:4+3","0.8","0.8","","individual","0.8","fraction","False","False","False","REACTIVE","","","","","","-45","228.14999999999998","-45.0","-45.0","-45","CH2Cl2","DMDO","","0","False","False","1","1","0","CH2Cl2","DMDO","","","NOT_EVALUABLE","False","OK","True","NA","GOOD","","[[1, 10], [3, 7]]","[]","[[1, 2, 2.0, 1.0], [2, 3, 2.0, 1.0], [7, 8, 1.5, 1.0], [7, 11, 1.5, 1.0], [8, 9, 1.5, 2.0], [9, 10, 1.5, 1.0], [10, 11, 1.5, 1.0]]","[[7, 8], [7, 11], [8, 9], [9, 10], [10, 11]]","PASS","1.0","[]","mces_primary","OK","0.8350160427807487","ACCEPT","","0.8350160427807487","SUCCESS","1.0","0","0","0","1.0","1.0","{""strategy"": ""mces_primary"", ""mces_triggered"": true, ""mces_changed_winner"": true, ""mces_num_candidates"": 1, ""mces_coverage"": 0.9545454545454546}","PASS","[]","bridge_o","mapped","True","True"
"4","C=C=CN(CCc1ccco1)C(=O)OC(C)(C)C","CC(C)(C)OC(=O)N1CC[C@@]23C=C[C@@H](CC(=O)[C@H]12)O3","CC(C)(C)OC(=O)N1CC[C@@]23C=C[C@@H](CC(=O)[C@H]12)O3","False","O=C(OC(C)(C)C)N(C=C=C)CCC1=CC=CO1","1","O=C1C[C@@H]2C=C[C@@]3(O2)[C@]1(N(C(OC(C)(C)C)=O)CC3)[H]","CC(C)(C)OC(=O)N1CC[C@@]23C=C[C@@H](CC(=O)[C@H]12)O3","C=C=CN(CCc1ccco1)C(=O)OC(C)(C)C>>CC(C)(C)OC(=O)N1CC[C@@]23C=C[C@@H](CC(=O)[C@H]12)O3","aa640d5c8689c3da8eb8c52c0a15698cf3dfce56c550ded5dc328dce68a43b1b","aa640d5c8689c3da__e6fc27","[CH2:1]=[C:2]=[CH:3][N:4]([CH2:5][CH2:6][c:7]1[cH:8][cH:9][cH:10][o:11]1)[C:12](=[O:13])[O:14][C:15]([CH3:16])([CH3:17])[CH3:18]>>O=[C:2]1[CH2:1][C@@H:10]2[CH:9]=[CH:8][C@:7]3([C@H:3]1[N:4]([C:12](=[O:13])[O:14][C:15]([CH3:16])([CH3:17])[CH3:18])[CH2:5][CH2:6]3)[O:11]2","OK","","0.7995023923444976","allenamide","general","{""1"": 1, ""10"": 10, ""11"": 11, ""2"": 2, ""3"": 3, ""4"": 4, ""6"": 6, ""7"": 7, ""8"": 8, ""9"": 9}","1-10:formed;3-7:formed;1-2:order_changed(DOUBLE→SINGLE);2-3:order_changed(DOUBLE→SINGLE);7-8:order_changed(AROMATIC→SINGLE);7-11:order_changed(AROMATIC→SINGLE);8-9:order_changed(AROMATIC→DOUBLE);9-10:order_changed(AROMATIC→SINGLE);10-11:order_changed(AROMATIC→SINGLE)","OK","","7","4+3","HIGH","resolver:dearomatization_cycloaddition;family:4+3;consistency:consistent;n_frags:1;topology_hint:INTRA","{""formed"": [[1, 10], [3, 7]], ""broken"": [], ""order_changed"": [[1, 2, ""DOUBLE"", ""SINGLE""], [2, 3, ""DOUBLE"", ""SINGLE""], [7, 8, ""AROMATIC"", ""SINGLE""], [7, 11, ""AROMATIC"", ""SINGLE""], [8, 9, ""AROMATIC"", ""DOUBLE""], [9, 10, ""AROMATIC"", ""SINGLE""], [10, 11, ""AROMATIC"", ""SINGLE""]]}","[1, 2, 3, 7, 8, 9, 10, 11]","[[1, 10], [3, 7]]","","dearomatization_cycloaddition","RESOLVED","{""furan_atoms"": [7, 10], ""allenamide_atoms"": [1, 3], ""raw_formed_count"": 2, ""mechanistic_formed_count"": 2, ""ring_validation"": ""mismatch"", ""selection_method"": ""smarts_exact"", ""component_contract_satisfied"": true, ""precursor_type"": ""allenamide"", ""precursor_subtype"": ""general""}","PASS","INTRA_TYPE_I","tether:saturated_chain","[4+3]","reaction_type:4+3","0.75","0.75","","individual","0.75","fraction","False","False","False","REACTIVE","","","","","","-45","228.14999999999998","-45.0","-45.0","-45","CH2Cl2","DMDO","","0","False","False","1","1","0","CH2Cl2","DMDO","","","NOT_EVALUABLE","False","OK","True","NA","GOOD","","[[1, 10], [3, 7]]","[]","[[1, 2, 2.0, 1.0], [2, 3, 2.0, 1.0], [7, 8, 1.5, 1.0], [7, 11, 1.5, 1.0], [8, 9, 1.5, 2.0], [9, 10, 1.5, 1.0], [10, 11, 1.5, 1.0]]","[[7, 8], [7, 11], [8, 9], [9, 10], [10, 11]]","PASS","1.0","[]","mces_primary","OK","0.7995023923444976","ACCEPT","","0.7995023923444976","SUCCESS","1.0","0","0","0","1.0","1.0","{""strategy"": ""mces_primary"", ""mces_triggered"": true, ""mces_changed_winner"": true, ""mces_num_candidates"": 1, ""mces_coverage"": 0.9473684210526315}","PASS","[]","bridge_o","mapped","True","True"
"5","C=C=CN(CCCc1ccco1)C(=O)OCc1ccccc1","O=C1C[C@@H]2C=C[C@@]3(CCCN(C(=O)OCc4ccccc4)[C@@H]13)O2","O=C1C[C@@H]2C=C[C@@]3(CCCN(C(=O)OCc4ccccc4)[C@@H]13)O2","False","O=C(OCC1=CC=CC=C1)N(C=C=C)CCCC2=CC=CO2","1","O=C1C[C@@H]2C=C[C@]3(O2)CCCN(C(OCC4=CC=CC=C4)=O)[C@]31[H]","O=C1C[C@@H]2C=C[C@@]3(CCCN(C(=O)OCc4ccccc4)[C@@H]13)O2","C=C=CN(CCCc1ccco1)C(=O)OCc1ccccc1>>O=C1C[C@@H]2C=C[C@@]3(CCCN(C(=O)OCc4ccccc4)[C@@H]13)O2","55c94357dd8193407d20cedb2f689ebc539e3c0fc01405207ce1f8641186a1ff","55c94357dd819340__c25f68","[CH2:1]=[C:2]=[CH:3][N:4]([CH2:5][CH2:6][CH2:7][c:8]1[cH:9][cH:10][cH:11][o:12]1)[C:13](=[O:14])[O:15][CH2:16][c:17]1[cH:18][cH:19][cH:20][cH:21][cH:22]1>>O=[C:2]1[CH2:1][C@@H:11]2[CH:10]=[CH:9][C@:8]3([C@H:3]1[N:4]([C:13](=[O:14])[O:15][CH2:16][c:17]1[cH:18][cH:19][cH:20][cH:21][cH:22]1)[CH2:5][CH2:6][CH2:7]3)[O:12]2","OK","","0.8287826086956522","allenamide","general","{""1"": 1, ""10"": 10, ""11"": 11, ""12"": 12, ""2"": 2, ""3"": 3, ""4"": 4, ""7"": 7, ""8"": 8, ""9"": 9}","1-11:formed;3-8:formed;1-2:order_changed(DOUBLE→SINGLE);2-3:order_changed(DOUBLE→SINGLE);8-9:order_changed(AROMATIC→SINGLE);8-12:order_changed(AROMATIC→SINGLE);9-10:order_changed(AROMATIC→DOUBLE);10-11:order_changed(AROMATIC→SINGLE);11-12:order_changed(AROMATIC→SINGLE)","OK","","7","4+3","HIGH","resolver:dearomatization_cycloaddition;family:4+3;consistency:consistent;n_frags:1;topology_hint:INTRA","{""formed"": [[1, 11], [3, 8]], ""broken"": [], ""order_changed"": [[1, 2, ""DOUBLE"", ""SINGLE""], [2, 3, ""DOUBLE"", ""SINGLE""], [8, 9, ""AROMATIC"", ""SINGLE""], [8, 12, ""AROMATIC"", ""SINGLE""], [9, 10, ""AROMATIC"", ""DOUBLE""], [10, 11, ""AROMATIC"", ""SINGLE""], [11, 12, ""AROMATIC"", ""SINGLE""]]}","[1, 2, 3, 8, 9, 10, 11, 12]","[[1, 11], [3, 8]]","","dearomatization_cycloaddition","RESOLVED","{""furan_atoms"": [8, 11], ""allenamide_atoms"": [1, 3], ""raw_formed_count"": 2, ""mechanistic_formed_count"": 2, ""ring_validation"": ""mismatch"", ""selection_method"": ""smarts_exact"", ""component_contract_satisfied"": true, ""precursor_type"": ""allenamide"", ""precursor_subtype"": ""general""}","PASS","INTRA_TYPE_I","tether:saturated_chain","[4+3]","reaction_type:4+3","0.2","0.2","","individual","0.2","fraction","False","False","False","REACTIVE","0.16","","58","42","text","-45","228.14999999999998","-45.0","-45.0","-45","CH2Cl2","DMDO","","0","False","False","1","1","0","CH2Cl2","DMDO","","","NOT_EVALUABLE","False","OK","True","OK","GOOD","","[[1, 11], [3, 8]]","[]","[[1, 2, 2.0, 1.0], [2, 3, 2.0, 1.0], [8, 9, 1.5, 1.0], [8, 12, 1.5, 1.0], [9, 10, 1.5, 2.0], [10, 11, 1.5, 1.0], [11, 12, 1.5, 1.0]]","[[8, 9], [8, 12], [9, 10], [10, 11], [11, 12]]","PASS","1.0","[]","mces_primary","OK","0.8287826086956522","ACCEPT","","0.8287826086956522","SUCCESS","1.0","0","0","0","1.0","1.0","{""strategy"": ""mces_primary"", ""mces_triggered"": true, ""mces_changed_winner"": true, ""mces_num_candidates"": 1, ""mces_coverage"": 0.9565217391304348}","PASS","[]","bridge_o","mapped","True","True"
"6","C=C=CN(CCCc1ccco1)C(=O)OCc1ccccc1","O=C1C[C@@H]2C=C[C@@]3(CCCN(C(=O)OCc4ccccc4)[C@@H]13)O2","O=C1C[C@@H]2C=C[C@@]3(CCCN(C(=O)OCc4ccccc4)[C@@H]13)O2","False","O=C(OCC1=CC=CC=C1)N(C=C=C)CCCC2=CC=CO2","1","O=C1C[C@@H]2C=C[C@]3(O2)CCCN(C(OCC4=CC=CC=C4)=O)[C@]31[H]","O=C1C[C@@H]2C=C[C@@]3(CCCN(C(=O)OCc4ccccc4)[C@@H]13)O2","C=C=CN(CCCc1ccco1)C(=O)OCc1ccccc1>>O=C1C[C@@H]2C=C[C@@]3(CCCN(C(=O)OCc4ccccc4)[C@@H]13)O2","55c94357dd8193407d20cedb2f689ebc539e3c0fc01405207ce1f8641186a1ff","55c94357dd819340__9f80d7","[CH2:1]=[C:2]=[CH:3][N:4]([CH2:5][CH2:6][CH2:7][c:8]1[cH:9][cH:10][cH:11][o:12]1)[C:13](=[O:14])[O:15][CH2:16][c:17]1[cH:18][cH:19][cH:20][cH:21][cH:22]1>>O=[C:2]1[CH2:1][C@@H:11]2[CH:10]=[CH:9][C@:8]3([C@H:3]1[N:4]([C:13](=[O:14])[O:15][CH2:16][c:17]1[cH:18][cH:19][cH:20][cH:21][cH:22]1)[CH2:5][CH2:6][CH2:7]3)[O:12]2","OK","","0.8287826086956522","allenamide","general","{""1"": 1, ""10"": 10, ""11"": 11, ""12"": 12, ""2"": 2, ""3"": 3, ""4"": 4, ""7"": 7, ""8"": 8, ""9"": 9}","1-11:formed;3-8:formed;1-2:order_changed(DOUBLE→SINGLE);2-3:order_changed(DOUBLE→SINGLE);8-9:order_changed(AROMATIC→SINGLE);8-12:order_changed(AROMATIC→SINGLE);9-10:order_changed(AROMATIC→DOUBLE);10-11:order_changed(AROMATIC→SINGLE);11-12:order_changed(AROMATIC→SINGLE)","OK","","7","4+3","HIGH","resolver:dearomatization_cycloaddition;family:4+3;consistency:consistent;n_frags:1;topology_hint:INTRA","{""formed"": [[1, 11], [3, 8]], ""broken"": [], ""order_changed"": [[1, 2, ""DOUBLE"", ""SINGLE""], [2, 3, ""DOUBLE"", ""SINGLE""], [8, 9, ""AROMATIC"", ""SINGLE""], [8, 12, ""AROMATIC"", ""SINGLE""], [9, 10, ""AROMATIC"", ""DOUBLE""], [10, 11, ""AROMATIC"", ""SINGLE""], [11, 12, ""AROMATIC"", ""SINGLE""]]}","[1, 2, 3, 8, 9, 10, 11, 12]","[[1, 11], [3, 8]]","","dearomatization_cycloaddition","RESOLVED","{""furan_atoms"": [8, 11], ""allenamide_atoms"": [1, 3], ""raw_formed_count"": 2, ""mechanistic_formed_count"": 2, ""ring_validation"": ""mismatch"", ""selection_method"": ""smarts_exact"", ""component_contract_satisfied"": true, ""precursor_type"": ""allenamide"", ""precursor_subtype"": ""general""}","PASS","INTRA_TYPE_I","tether:saturated_chain","[4+3]","reaction_type:4+3","0.47","0.47","","individual","0.47","fraction","False","False","False","REACTIVE","0.2","","60","40","text","-45","228.14999999999998","-45.0","-45.0","-45","CH2Cl2","DMDO","","0","False","False","1","1","1","CH2Cl2","DMDO","ZnCl2 (1-2 equiv)","","NOT_EVALUABLE","False","OK","True","OK","GOOD","","[[1, 11], [3, 8]]","[]","[[1, 2, 2.0, 1.0], [2, 3, 2.0, 1.0], [8, 9, 1.5, 1.0], [8, 12, 1.5, 1.0], [9, 10, 1.5, 2.0], [10, 11, 1.5, 1.0], [11, 12, 1.5, 1.0]]","[[8, 9], [8, 12], [9, 10], [10, 11], [11, 12]]","PASS","1.0","[]","mces_primary","OK","0.8287826086956522","ACCEPT","","0.8287826086956522","SUCCESS","1.0","0","0","0","1.0","1.0","{""strategy"": ""mces_primary"", ""mces_triggered"": true, ""mces_changed_winner"": true, ""mces_num_candidates"": 1, ""mces_coverage"": 0.9565217391304348}","PASS","[]","bridge_o","mapped","True","True"
"7","C=C=CN(CC/C=C/C=C)C(=O)OCc1ccccc1","O=C1CCC=C[C@H]2CCN(C(=O)OCc3ccccc3)[C@@H]12","O=C1CCC=C[C@H]2CCN(C(=O)OCc3ccccc3)[C@@H]12","False","O=C(OCC1=CC=CC=C1)N(C=C=C)CC/C=C/C=C","1","O=C1CCC=C[C@]2([H])[C@]1(N(C(OCC3=CC=CC=C3)=O)CC2)[H]","O=C1CCC=C[C@H]2CCN(C(=O)OCc3ccccc3)[C@@H]12","C=C=CN(CC/C=C/C=C)C(=O)OCc1ccccc1>>O=C1CCC=C[C@H]2CCN(C(=O)OCc3ccccc3)[C@@H]12","cb7f1634a1a370ceab3e772af89bf36d2d5bccadfab895798f9093924eefc870","cb7f1634a1a370ce__e994d1","[CH2:1]=[C:2]=[CH:3][N:4]([CH2:5][CH2:6]/[CH:7]=[CH:8]/[CH:9]=[CH2:10])[C:11](=[O:12])[O:13][CH2:14][c:15]1[cH:16][cH:17][cH:18][cH:19][cH:20]1>>O=[C:2]1[CH2:1][CH2:10][CH:9]=[CH:8][C@@H:7]2[C@H:3]1[N:4]([C:11](=[O:12])[O:13][CH2:14][c:15]1[cH:16][cH:17][cH:18][cH:19][cH:20]1)[CH2:5][CH2:6]2","OK","","0.7857857142857143","allenamide","general","","1-10:formed;3-7:formed;1-2:order_changed(DOUBLE→SINGLE);2-3:order_changed(DOUBLE→SINGLE);7-8:order_changed(DOUBLE→SINGLE);8-9:order_changed(SINGLE→DOUBLE);9-10:order_changed(DOUBLE→SINGLE)","OK","","","4+3","HIGH","resolver:dearomatization_cycloaddition;family:4+3;consistency:consistent;n_frags:1;topology_hint:INTRA","{""formed"": [[1, 10], [3, 7]], ""broken"": [], ""order_changed"": [[1, 2, ""DOUBLE"", ""SINGLE""], [2, 3, ""DOUBLE"", ""SINGLE""], [7, 8, ""DOUBLE"", ""SINGLE""], [8, 9, ""SINGLE"", ""DOUBLE""], [9, 10, ""DOUBLE"", ""SINGLE""]]}","[1, 2, 3, 7, 8, 9, 10]","[[1, 10], [3, 7]]","","dearomatization_cycloaddition","RESOLVED","{""furan_atoms"": [], ""allenamide_atoms"": [1, 3], ""raw_formed_count"": 2, ""mechanistic_formed_count"": 2, ""ring_validation"": ""match"", ""selection_method"": ""allenamide_bridged_topology"", ""component_contract_satisfied"": false, ""precursor_type"": ""allenamide"", ""precursor_subtype"": ""general""}","PASS","INTRA_TYPE_I","tether:saturated_chain","[4+3]","reaction_type:4+3","0.65","0.65","","individual","0.65","fraction","False","False","False","REACTIVE","0.06","","53","47","text","-45","228.14999999999998","-45.0","-45.0","-45","CH2Cl2","DMDO","","0","False","False","1","1","0","CH2Cl2","DMDO","","","NOT_EVALUABLE","False","OK","True","OK","GOOD","","[[1, 10], [3, 7]]","[]","[[1, 2, 2.0, 1.0], [2, 3, 2.0, 1.0], [7, 8, 2.0, 1.0], [8, 9, 1.0, 2.0], [9, 10, 2.0, 1.0]]","[]","PASS","1.0","[]","mces_primary","OK","0.7857857142857143","ACCEPT","","0.7857857142857143","SUCCESS","1.0","0","0","0","1.0","1.0","{""strategy"": ""mces_primary"", ""mces_triggered"": true, ""mces_changed_winner"": true, ""mces_num_candidates"": 1, ""mces_coverage"": 0.9523809523809523}","PASS","[]","missing","no_bridge","True","True"
"8","C=C=CN1C(=O)OCC1Cc1ccco1","O=C1C[C@H]2C=C[C@]3(C[C@H]4COC(=O)N4[C@H]13)O2","O=C1C[C@H]2C=C[C@]3(C[C@H]4COC(=O)N4[C@H]13)O2","False","C=C=CN1C(OCC1CC2=CC=CO2)=O","1","O=C1N2[C@](C[C@@](C=C[C@@H]3C4)(O3)[C@@]2([H])C4=O)([H])CO1","O=C1C[C@H]2C=C[C@]3(C[C@H]4COC(=O)N4[C@H]13)O2","C=C=CN1C(=O)OCC1Cc1ccco1>>O=C1C[C@H]2C=C[C@]3(C[C@H]4COC(=O)N4[C@H]13)O2","c5c599fe4ea66572dbb6a153fa301ed72b3f6c439e0137e28e4de5a1ca90e9dd","c5c599fe4ea66572__5def02","[CH2:1]=[C:2]=[CH:3][N:4]1[C:5](=[O:6])[O:7][CH2:8][CH:9]1[CH2:10][c:11]1[cH:12][cH:13][cH:14][o:15]1>>O=[C:2]1[CH2:1][C@H:14]2[CH:13]=[CH:12][C@@:11]3([C@@H:3]1[N:4]1[C:5](=[O:6])[O:7][CH2:8][C@@H:9]1[CH2:10]3)[O:15]2","OK","","0.8450714285714286","allenamide","general","{""1"": 1, ""10"": 10, ""11"": 11, ""12"": 12, ""13"": 13, ""14"": 14, ""15"": 15, ""2"": 2, ""3"": 3, ""4"": 4}","1-14:formed;3-11:formed;1-2:order_changed(DOUBLE→SINGLE);2-3:order_changed(DOUBLE→SINGLE);11-12:order_changed(AROMATIC→SINGLE);11-15:order_changed(AROMATIC→SINGLE);12-13:order_changed(AROMATIC→DOUBLE);13-14:order_changed(AROMATIC→SINGLE);14-15:order_changed(AROMATIC→SINGLE)","OK","","7","4+3","HIGH","resolver:dearomatization_cycloaddition;family:4+3;consistency:consistent;n_frags:1;topology_hint:INTRA","{""formed"": [[1, 14], [3, 11]], ""broken"": [], ""order_changed"": [[1, 2, ""DOUBLE"", ""SINGLE""], [2, 3, ""DOUBLE"", ""SINGLE""], [11, 12, ""AROMATIC"", ""SINGLE""], [11, 15, ""AROMATIC"", ""SINGLE""], [12, 13, ""AROMATIC"", ""DOUBLE""], [13, 14, ""AROMATIC"", ""SINGLE""], [14, 15, ""AROMATIC"", ""SINGLE""]]}","[1, 2, 3, 11, 12, 13, 14, 15]","[[1, 14], [3, 11]]","","dearomatization_cycloaddition","RESOLVED","{""furan_atoms"": [11, 14], ""allenamide_atoms"": [1, 3], ""raw_formed_count"": 2, ""mechanistic_formed_count"": 2, ""ring_validation"": ""mismatch"", ""selection_method"": ""smarts_exact"", ""component_contract_satisfied"": true, ""precursor_type"": ""allenamide"", ""precursor_subtype"": ""general""}","PASS","INTRA_TYPE_I","tether:saturated_chain","[4+3]","reaction_type:4+3","0.82","0.82","","individual","0.82","fraction","False","False","False","REACTIVE","0.92","","96","4","text","-45","228.14999999999998","-45.0","-45.0","-45","CH2Cl2","DMDO","","0","False","False","1","1","0","CH2Cl2","DMDO","","","NOT_EVALUABLE","False","OK","True","OK","GOOD","","[[1, 14], [3, 11]]","[]","[[1, 2, 2.0, 1.0], [2, 3, 2.0, 1.0], [11, 12, 1.5, 1.0], [11, 15, 1.5, 1.0], [12, 13, 1.5, 2.0], [13, 14, 1.5, 1.0], [14, 15, 1.5, 1.0]]","[[11, 12], [11, 15], [12, 13], [13, 14], [14, 15]]","PASS","1.0","[]","mces_primary","OK","0.8450714285714286","ACCEPT","","0.8450714285714286","SUCCESS","1.0","0","0","0","1.0","1.0","{""strategy"": ""mces_primary"", ""mces_triggered"": true, ""mces_changed_winner"": true, ""mces_num_candidates"": 1, ""mces_coverage"": 0.9375}","PASS","[]","bridge_o","mapped","True","True"
"9","C=C=CN1C(=O)OCC1Cc1ccco1","O=C1C[C@H]2C=C[C@]3(C[C@H]4COC(=O)N4[C@H]13)O2","O=C1C[C@H]2C=C[C@]3(C[C@H]4COC(=O)N4[C@H]13)O2","False","C=C=CN1C(OCC1CC2=CC=CO2)=O","1","O=C1N2[C@](C[C@@](C=C[C@@H]3C4)(O3)[C@@]2([H])C4=O)([H])CO1","O=C1C[C@H]2C=C[C@]3(C[C@H]4COC(=O)N4[C@H]13)O2","C=C=CN1C(=O)OCC1Cc1ccco1>>O=C1C[C@H]2C=C[C@]3(C[C@H]4COC(=O)N4[C@H]13)O2","c5c599fe4ea66572dbb6a153fa301ed72b3f6c439e0137e28e4de5a1ca90e9dd","c5c599fe4ea66572__fa02a1","[CH2:1]=[C:2]=[CH:3][N:4]1[C:5](=[O:6])[O:7][CH2:8][CH:9]1[CH2:10][c:11]1[cH:12][cH:13][cH:14][o:15]1>>O=[C:2]1[CH2:1][C@H:14]2[CH:13]=[CH:12][C@@:11]3([C@@H:3]1[N:4]1[C:5](=[O:6])[O:7][CH2:8][C@@H:9]1[CH2:10]3)[O:15]2","OK","","0.8450714285714286","allenamide","general","{""1"": 1, ""10"": 10, ""11"": 11, ""12"": 12, ""13"": 13, ""14"": 14, ""15"": 15, ""2"": 2, ""3"": 3, ""4"": 4}","1-14:formed;3-11:formed;1-2:order_changed(DOUBLE→SINGLE);2-3:order_changed(DOUBLE→SINGLE);11-12:order_changed(AROMATIC→SINGLE);11-15:order_changed(AROMATIC→SINGLE);12-13:order_changed(AROMATIC→DOUBLE);13-14:order_changed(AROMATIC→SINGLE);14-15:order_changed(AROMATIC→SINGLE)","OK","","7","4+3","HIGH","resolver:dearomatization_cycloaddition;family:4+3;consistency:consistent;n_frags:1;topology_hint:INTRA","{""formed"": [[1, 14], [3, 11]], ""broken"": [], ""order_changed"": [[1, 2, ""DOUBLE"", ""SINGLE""], [2, 3, ""DOUBLE"", ""SINGLE""], [11, 12, ""AROMATIC"", ""SINGLE""], [11, 15, ""AROMATIC"", ""SINGLE""], [12, 13, ""AROMATIC"", ""DOUBLE""], [13, 14, ""AROMATIC"", ""SINGLE""], [14, 15, ""AROMATIC"", ""SINGLE""]]}","[1, 2, 3, 11, 12, 13, 14, 15]","[[1, 14], [3, 11]]","","dearomatization_cycloaddition","RESOLVED","{""furan_atoms"": [11, 14], ""allenamide_atoms"": [1, 3], ""raw_formed_count"": 2, ""mechanistic_formed_count"": 2, ""ring_validation"": ""mismatch"", ""selection_method"": ""smarts_exact"", ""component_contract_satisfied"": true, ""precursor_type"": ""allenamide"", ""precursor_subtype"": ""general""}","PASS","INTRA_TYPE_I","tether:saturated_chain","[4+3]","reaction_type:4+3","0.77","0.77","","individual","0.77","fraction","False","False","False","REACTIVE","0.92","","96","4","text","25","298.15","25.0","25.0","25","CH2Cl2","DMDO","","0","False","False","1","1","0","CH2Cl2","DMDO","","","NOT_EVALUABLE","False","OK","True","OK","GOOD","","[[1, 14], [3, 11]]","[]","[[1, 2, 2.0, 1.0], [2, 3, 2.0, 1.0], [11, 12, 1.5, 1.0], [11, 15, 1.5, 1.0], [12, 13, 1.5, 2.0], [13, 14, 1.5, 1.0], [14, 15, 1.5, 1.0]]","[[11, 12], [11, 15], [12, 13], [13, 14], [14, 15]]","PASS","1.0","[]","mces_primary","OK","0.8450714285714286","ACCEPT","","0.8450714285714286","SUCCESS","1.0","0","0","0","1.0","1.0","{""strategy"": ""mces_primary"", ""mces_triggered"": true, ""mces_changed_winner"": true, ""mces_num_candidates"": 1, ""mces_coverage"": 0.9375}","PASS","[]","bridge_o","mapped","True","True"
"10","C=C=CN1C(=O)OCC1Cc1ccco1","O=C1C[C@H]2C=C[C@]3(C[C@H]4COC(=O)N4[C@H]13)O2","O=C1C[C@H]2C=C[C@]3(C[C@H]4COC(=O)N4[C@H]13)O2","False","C=C=CN1C(OCC1CC2=CC=CO2)=O","1","O=C1N2[C@](C[C@@](C=C[C@@H]3C4)(O3)[C@@]2([H])C4=O)([H])CO1","O=C1C[C@H]2C=C[C@]3(C[C@H]4COC(=O)N4[C@H]13)O2","C=C=CN1C(=O)OCC1Cc1ccco1>>O=C1C[C@H]2C=C[C@]3(C[C@H]4COC(=O)N4[C@H]13)O2","c5c599fe4ea66572dbb6a153fa301ed72b3f6c439e0137e28e4de5a1ca90e9dd","c5c599fe4ea66572__0a28ac","[CH2:1]=[C:2]=[CH:3][N:4]1[C:5](=[O:6])[O:7][CH2:8][CH:9]1[CH2:10][c:11]1[cH:12][cH:13][cH:14][o:15]1>>O=[C:2]1[CH2:1][C@H:14]2[CH:13]=[CH:12][C@@:11]3([C@@H:3]1[N:4]1[C:5](=[O:6])[O:7][CH2:8][C@@H:9]1[CH2:10]3)[O:15]2","OK","","0.8450714285714286","allenamide","general","{""1"": 1, ""10"": 10, ""11"": 11, ""12"": 12, ""13"": 13, ""14"": 14, ""15"": 15, ""2"": 2, ""3"": 3, ""4"": 4}","1-14:formed;3-11:formed;1-2:order_changed(DOUBLE→SINGLE);2-3:order_changed(DOUBLE→SINGLE);11-12:order_changed(AROMATIC→SINGLE);11-15:order_changed(AROMATIC→SINGLE);12-13:order_changed(AROMATIC→DOUBLE);13-14:order_changed(AROMATIC→SINGLE);14-15:order_changed(AROMATIC→SINGLE)","OK","","7","4+3","HIGH","resolver:dearomatization_cycloaddition;family:4+3;consistency:consistent;n_frags:1;topology_hint:INTRA","{""formed"": [[1, 14], [3, 11]], ""broken"": [], ""order_changed"": [[1, 2, ""DOUBLE"", ""SINGLE""], [2, 3, ""DOUBLE"", ""SINGLE""], [11, 12, ""AROMATIC"", ""SINGLE""], [11, 15, ""AROMATIC"", ""SINGLE""], [12, 13, ""AROMATIC"", ""DOUBLE""], [13, 14, ""AROMATIC"", ""SINGLE""], [14, 15, ""AROMATIC"", ""SINGLE""]]}","[1, 2, 3, 11, 12, 13, 14, 15]","[[1, 14], [3, 11]]","","dearomatization_cycloaddition","RESOLVED","{""furan_atoms"": [11, 14], ""allenamide_atoms"": [1, 3], ""raw_formed_count"": 2, ""mechanistic_formed_count"": 2, ""ring_validation"": ""mismatch"", ""selection_method"": ""smarts_exact"", ""component_contract_satisfied"": true, ""precursor_type"": ""allenamide"", ""precursor_subtype"": ""general""}","PASS","INTRA_TYPE_I","tether:saturated_chain","[4+3]","reaction_type:4+3","0.75","0.75","","individual","0.75","fraction","False","False","False","REACTIVE","0.92","","96","4","text","-45","228.14999999999998","-45.0","-45.0","-45","CH2Cl2","DMDO","","0","False","False","1","1","0","CH2Cl2","DMDO","","","NOT_EVALUABLE","False","OK","True","OK","GOOD","","[[1, 14], [3, 11]]","[]","[[1, 2, 2.0, 1.0], [2, 3, 2.0, 1.0], [11, 12, 1.5, 1.0], [11, 15, 1.5, 1.0], [12, 13, 1.5, 2.0], [13, 14, 1.5, 1.0], [14, 15, 1.5, 1.0]]","[[11, 12], [11, 15], [12, 13], [13, 14], [14, 15]]","PASS","1.0","[]","mces_primary","OK","0.8450714285714286","ACCEPT","","0.8450714285714286","SUCCESS","1.0","0","0","0","1.0","1.0","{""strategy"": ""mces_primary"", ""mces_triggered"": true, ""mces_changed_winner"": true, ""mces_num_candidates"": 1, ""mces_coverage"": 0.9375}","PASS","[]","bridge_o","mapped","True","True"
"11","C=C=CN1C(=O)OCC1CCc1ccco1","O=C1C[C@H]2C=C[C@]3(CC[C@H]4COC(=O)N4[C@H]13)O2","O=C1C[C@H]2C=C[C@]3(CC[C@H]4COC(=O)N4[C@H]13)O2","False","C=C=CN(C(OC1)=O)C1CCC2=CC=CO2","1","O=C1C[C@H]2C=C[C@]3(O2)[C@]1([H])N(C(OC4)=O)[C@@]4([H])CC3","O=C1C[C@H]2C=C[C@]3(CC[C@H]4COC(=O)N4[C@H]13)O2","C=C=CN1C(=O)OCC1CCc1ccco1>>O=C1C[C@H]2C=C[C@]3(CC[C@H]4COC(=O)N4[C@H]13)O2","f7c65d0ea6fd5b6414eddeae71e5f9d79f202f91dc1682a606ac64672d6c49d9","f7c65d0ea6fd5b64__43e039","[CH2:1]=[C:2]=[CH:3][N:4]1[C:5](=[O:6])[O:7][CH2:8][CH:9]1[CH2:10][CH2:11][c:12]1[cH:13][cH:14][cH:15][o:16]1>>O=[C:2]1[CH2:1][C@H:15]2[CH:14]=[CH:13][C@@:12]3([C@@H:3]1[N:4]1[C:5](=[O:6])[O:7][CH2:8][C@@H:9]1[CH2:10][CH2:11]3)[O:16]2","OK","","0.8369411764705883","allenamide","general","{""1"": 1, ""11"": 11, ""12"": 12, ""13"": 13, ""14"": 14, ""15"": 15, ""16"": 16, ""2"": 2, ""3"": 3, ""4"": 4}","1-15:formed;3-12:formed;1-2:order_changed(DOUBLE→SINGLE);2-3:order_changed(DOUBLE→SINGLE);12-13:order_changed(AROMATIC→SINGLE);12-16:order_changed(AROMATIC→SINGLE);13-14:order_changed(AROMATIC→DOUBLE);14-15:order_changed(AROMATIC→SINGLE);15-16:order_changed(AROMATIC→SINGLE)","OK","","7","4+3","HIGH","resolver:dearomatization_cycloaddition;family:4+3;consistency:consistent;n_frags:1;topology_hint:INTRA","{""formed"": [[1, 15], [3, 12]], ""broken"": [], ""order_changed"": [[1, 2, ""DOUBLE"", ""SINGLE""], [2, 3, ""DOUBLE"", ""SINGLE""], [12, 13, ""AROMATIC"", ""SINGLE""], [12, 16, ""AROMATIC"", ""SINGLE""], [13, 14, ""AROMATIC"", ""DOUBLE""], [14, 15, ""AROMATIC"", ""SINGLE""], [15, 16, ""AROMATIC"", ""SINGLE""]]}","[1, 2, 3, 12, 13, 14, 15, 16]","[[1, 15], [3, 12]]","","dearomatization_cycloaddition","RESOLVED","{""furan_atoms"": [12, 15], ""allenamide_atoms"": [1, 3], ""raw_formed_count"": 2, ""mechanistic_formed_count"": 2, ""ring_validation"": ""mismatch"", ""selection_method"": ""smarts_exact"", ""component_contract_satisfied"": true, ""precursor_type"": ""allenamide"", ""precursor_subtype"": ""general""}","PASS","INTRA_TYPE_I","tether:saturated_chain","[4+3]","reaction_type:4+3","0.75","0.75","","individual","0.75","fraction","False","False","False","REACTIVE","0.92","","96","4","text","-45","228.14999999999998","-45.0","-45.0","-45","CH2Cl2","DMDO","","0","False","False","1","1","0","CH2Cl2","DMDO","","","NOT_EVALUABLE","False","OK","True","OK","GOOD","","[[1, 15], [3, 12]]","[]","[[1, 2, 2.0, 1.0], [2, 3, 2.0, 1.0], [12, 13, 1.5, 1.0], [12, 16, 1.5, 1.0], [13, 14, 1.5, 2.0], [14, 15, 1.5, 1.0], [15, 16, 1.5, 1.0]]","[[12, 13], [12, 16], [13, 14], [14, 15], [15, 16]]","PASS","1.0","[]","mces_primary","OK","0.8369411764705883","ACCEPT","","0.8369411764705883","SUCCESS","1.0","0","0","0","1.0","1.0","{""strategy"": ""mces_primary"", ""mces_triggered"": true, ""mces_changed_winner"": true, ""mces_num_candidates"": 1, ""mces_coverage"": 0.9411764705882353}","PASS","[]","bridge_o","mapped","True","True"
"12","C=C=CN1C(=O)OCC1CCc1ccco1","O=C1C[C@H]2C=C[C@]3(CC[C@H]4COC(=O)N4[C@H]13)O2","O=C1C[C@H]2C=C[C@]3(CC[C@H]4COC(=O)N4[C@H]13)O2","False","C=C=CN(C(OC1)=O)C1CCC2=CC=CO2","1","O=C1C[C@H]2C=C[C@]3(O2)[C@]1([H])N(C(OC4)=O)[C@@]4([H])CC3","O=C1C[C@H]2C=C[C@]3(CC[C@H]4COC(=O)N4[C@H]13)O2","C=C=CN1C(=O)OCC1CCc1ccco1>>O=C1C[C@H]2C=C[C@]3(CC[C@H]4COC(=O)N4[C@H]13)O2","f7c65d0ea6fd5b6414eddeae71e5f9d79f202f91dc1682a606ac64672d6c49d9","f7c65d0ea6fd5b64__7f74a3","[CH2:1]=[C:2]=[CH:3][N:4]1[C:5](=[O:6])[O:7][CH2:8][CH:9]1[CH2:10][CH2:11][c:12]1[cH:13][cH:14][cH:15][o:16]1>>O=[C:2]1[CH2:1][C@H:15]2[CH:14]=[CH:13][C@@:12]3([C@@H:3]1[N:4]1[C:5](=[O:6])[O:7][CH2:8][C@@H:9]1[CH2:10][CH2:11]3)[O:16]2","OK","","0.8369411764705883","allenamide","general","{""1"": 1, ""11"": 11, ""12"": 12, ""13"": 13, ""14"": 14, ""15"": 15, ""16"": 16, ""2"": 2, ""3"": 3, ""4"": 4}","1-15:formed;3-12:formed;1-2:order_changed(DOUBLE→SINGLE);2-3:order_changed(DOUBLE→SINGLE);12-13:order_changed(AROMATIC→SINGLE);12-16:order_changed(AROMATIC→SINGLE);13-14:order_changed(AROMATIC→DOUBLE);14-15:order_changed(AROMATIC→SINGLE);15-16:order_changed(AROMATIC→SINGLE)","OK","","7","4+3","HIGH","resolver:dearomatization_cycloaddition;family:4+3;consistency:consistent;n_frags:1;topology_hint:INTRA","{""formed"": [[1, 15], [3, 12]], ""broken"": [], ""order_changed"": [[1, 2, ""DOUBLE"", ""SINGLE""], [2, 3, ""DOUBLE"", ""SINGLE""], [12, 13, ""AROMATIC"", ""SINGLE""], [12, 16, ""AROMATIC"", ""SINGLE""], [13, 14, ""AROMATIC"", ""DOUBLE""], [14, 15, ""AROMATIC"", ""SINGLE""], [15, 16, ""AROMATIC"", ""SINGLE""]]}","[1, 2, 3, 12, 13, 14, 15, 16]","[[1, 15], [3, 12]]","","dearomatization_cycloaddition","RESOLVED","{""furan_atoms"": [12, 15], ""allenamide_atoms"": [1, 3], ""raw_formed_count"": 2, ""mechanistic_formed_count"": 2, ""ring_validation"": ""mismatch"", ""selection_method"": ""smarts_exact"", ""component_contract_satisfied"": true, ""precursor_type"": ""allenamide"", ""precursor_subtype"": ""general""}","PASS","INTRA_TYPE_I","tether:saturated_chain","[4+3]","reaction_type:4+3","0.3","0.3","","individual","0.3","fraction","False","False","False","REACTIVE","0.9","","95","5","text","-78","195.14999999999998","-78.0","-78.0","-78","CH2Cl2","DMDO","","0","False","False","1","1","1","CH2Cl2","DMDO","ZnCl2 (1-2 equiv)","","NOT_EVALUABLE","False","OK","True","OK","GOOD","","[[1, 15], [3, 12]]","[]","[[1, 2, 2.0, 1.0], [2, 3, 2.0, 1.0], [12, 13, 1.5, 1.0], [12, 16, 1.5, 1.0], [13, 14, 1.5, 2.0], [14, 15, 1.5, 1.0], [15, 16, 1.5, 1.0]]","[[12, 13], [12, 16], [13, 14], [14, 15], [15, 16]]","PASS","1.0","[]","mces_primary","OK","0.8369411764705883","ACCEPT","","0.8369411764705883","SUCCESS","1.0","0","0","0","1.0","1.0","{""strategy"": ""mces_primary"", ""mces_triggered"": true, ""mces_changed_winner"": true, ""mces_num_candidates"": 1, ""mces_coverage"": 0.9411764705882353}","PASS","[]","bridge_o","mapped","True","True"
"13","C=C=CN1C(=O)OCC1CCCc1ccco1","O=C1C[C@H]2C=C[C@]3(CCC[C@H]4COC(=O)N4[C@H]13)O2","O=C1C[C@H]2C=C[C@]3(CCC[C@H]4COC(=O)N4[C@H]13)O2","False","C=C=CN(C(OC1)=O)C1CCCC2=CC=CO2","1","O=C(OC1)N([C@@]1([H])CCC2)[C@@]3([H])[C@@]2(O4)C=C[C@@H]4CC3=O","O=C1C[C@H]2C=C[C@]3(CCC[C@H]4COC(=O)N4[C@H]13)O2","C=C=CN1C(=O)OCC1CCCc1ccco1>>O=C1C[C@H]2C=C[C@]3(CCC[C@H]4COC(=O)N4[C@H]13)O2","7df9c3bf5a45845f0da94c11ef8995a2da05627b2b662c23801e40eb39d1ead8","7df9c3bf5a45845f__6b9d10","[CH2:1]=[C:2]=[CH:3][N:4]1[C:5](=[O:6])[O:7][CH2:8][CH:9]1[CH2:10][CH2:11][CH2:12][c:13]1[cH:14][cH:15][cH:16][o:17]1>>O=[C:2]1[CH2:1][C@H:16]2[CH:15]=[CH:14][C@@:13]3([C@@H:3]1[N:4]1[C:5](=[O:6])[O:7][CH2:8][C@@H:9]1[CH2:10][CH2:11][CH2:12]3)[O:17]2","OK","","0.8298333333333333","allenamide","general","{""1"": 1, ""12"": 12, ""13"": 13, ""14"": 14, ""15"": 15, ""16"": 16, ""17"": 17, ""2"": 2, ""3"": 3, ""4"": 4}","1-16:formed;3-13:formed;1-2:order_changed(DOUBLE→SINGLE);2-3:order_changed(DOUBLE→SINGLE);13-14:order_changed(AROMATIC→SINGLE);13-17:order_changed(AROMATIC→SINGLE);14-15:order_changed(AROMATIC→DOUBLE);15-16:order_changed(AROMATIC→SINGLE);16-17:order_changed(AROMATIC→SINGLE)","OK","","7","4+3","HIGH","resolver:dearomatization_cycloaddition;family:4+3;consistency:consistent;n_frags:1;topology_hint:INTRA","{""formed"": [[1, 16], [3, 13]], ""broken"": [], ""order_changed"": [[1, 2, ""DOUBLE"", ""SINGLE""], [2, 3, ""DOUBLE"", ""SINGLE""], [13, 14, ""AROMATIC"", ""SINGLE""], [13, 17, ""AROMATIC"", ""SINGLE""], [14, 15, ""AROMATIC"", ""DOUBLE""], [15, 16, ""AROMATIC"", ""SINGLE""], [16, 17, ""AROMATIC"", ""SINGLE""]]}","[1, 2, 3, 13, 14, 15, 16, 17]","[[1, 16], [3, 13]]","","dearomatization_cycloaddition","RESOLVED","{""furan_atoms"": [13, 16], ""allenamide_atoms"": [1, 3], ""raw_formed_count"": 2, ""mechanistic_formed_count"": 2, ""ring_validation"": ""mismatch"", ""selection_method"": ""smarts_exact"", ""component_contract_satisfied"": true, ""precursor_type"": ""allenamide"", ""precursor_subtype"": ""general""}","PASS","INTRA_TYPE_I","tether:saturated_chain","[4+3]","reaction_type:4+3","0.3","0.3","","individual","0.3","fraction","False","False","False","REACTIVE","0.74","","87","13","text","-45","228.14999999999998","-45.0","-45.0","-45","CH2Cl2","DMDO","","0","False","False","1","1","0","CH2Cl2","DMDO","","","NOT_EVALUABLE","False","OK","True","OK","GOOD","","[[1, 16], [3, 13]]","[]","[[1, 2, 2.0, 1.0], [2, 3, 2.0, 1.0], [13, 14, 1.5, 1.0], [13, 17, 1.5, 1.0], [14, 15, 1.5, 2.0], [15, 16, 1.5, 1.0], [16, 17, 1.5, 1.0]]","[[13, 14], [13, 17], [14, 15], [15, 16], [16, 17]]","PASS","1.0","[]","mces_primary","OK","0.8298333333333333","ACCEPT","","0.8298333333333333","SUCCESS","1.0","0","0","0","1.0","1.0","{""strategy"": ""mces_primary"", ""mces_triggered"": true, ""mces_changed_winner"": true, ""mces_num_candidates"": 1, ""mces_coverage"": 0.9444444444444444}","PASS","[]","bridge_o","mapped","True","True"
"14","C=C=CN1C(=O)OCC1CCCc1ccco1","O=C1C[C@H]2C=C[C@]3(CCC[C@H]4COC(=O)N4[C@H]13)O2","O=C1C[C@H]2C=C[C@]3(CCC[C@H]4COC(=O)N4[C@H]13)O2","False","C=C=CN(C(OC1)=O)C1CCCC2=CC=CO2","1","O=C(OC1)N([C@@]1([H])CCC2)[C@@]3([H])[C@@]2(O4)C=C[C@@H]4CC3=O","O=C1C[C@H]2C=C[C@]3(CCC[C@H]4COC(=O)N4[C@H]13)O2","C=C=CN1C(=O)OCC1CCCc1ccco1>>O=C1C[C@H]2C=C[C@]3(CCC[C@H]4COC(=O)N4[C@H]13)O2","7df9c3bf5a45845f0da94c11ef8995a2da05627b2b662c23801e40eb39d1ead8","7df9c3bf5a45845f__a9f207","[CH2:1]=[C:2]=[CH:3][N:4]1[C:5](=[O:6])[O:7][CH2:8][CH:9]1[CH2:10][CH2:11][CH2:12][c:13]1[cH:14][cH:15][cH:16][o:17]1>>O=[C:2]1[CH2:1][C@H:16]2[CH:15]=[CH:14][C@@:13]3([C@@H:3]1[N:4]1[C:5](=[O:6])[O:7][CH2:8][C@@H:9]1[CH2:10][CH2:11][CH2:12]3)[O:17]2","OK","","0.8298333333333333","allenamide","general","{""1"": 1, ""12"": 12, ""13"": 13, ""14"": 14, ""15"": 15, ""16"": 16, ""17"": 17, ""2"": 2, ""3"": 3, ""4"": 4}","1-16:formed;3-13:formed;1-2:order_changed(DOUBLE→SINGLE);2-3:order_changed(DOUBLE→SINGLE);13-14:order_changed(AROMATIC→SINGLE);13-17:order_changed(AROMATIC→SINGLE);14-15:order_changed(AROMATIC→DOUBLE);15-16:order_changed(AROMATIC→SINGLE);16-17:order_changed(AROMATIC→SINGLE)","OK","","7","4+3","HIGH","resolver:dearomatization_cycloaddition;family:4+3;consistency:consistent;n_frags:1;topology_hint:INTRA","{""formed"": [[1, 16], [3, 13]], ""broken"": [], ""order_changed"": [[1, 2, ""DOUBLE"", ""SINGLE""], [2, 3, ""DOUBLE"", ""SINGLE""], [13, 14, ""AROMATIC"", ""SINGLE""], [13, 17, ""AROMATIC"", ""SINGLE""], [14, 15, ""AROMATIC"", ""DOUBLE""], [15, 16, ""AROMATIC"", ""SINGLE""], [16, 17, ""AROMATIC"", ""SINGLE""]]}","[1, 2, 3, 13, 14, 15, 16, 17]","[[1, 16], [3, 13]]","","dearomatization_cycloaddition","RESOLVED","{""furan_atoms"": [13, 16], ""allenamide_atoms"": [1, 3], ""raw_formed_count"": 2, ""mechanistic_formed_count"": 2, ""ring_validation"": ""mismatch"", ""selection_method"": ""smarts_exact"", ""component_contract_satisfied"": true, ""precursor_type"": ""allenamide"", ""precursor_subtype"": ""general""}","PASS","INTRA_TYPE_I","tether:saturated_chain","[4+3]","reaction_type:4+3","0.7","0.7","","individual","0.7","fraction","False","False","False","REACTIVE","0.66","","83","17","text","25","298.15","25.0","25.0","25","CH2Cl2","DMDO","","0","False","False","1","1","0","CH2Cl2","DMDO","","","NOT_EVALUABLE","False","OK","True","OK","GOOD","","[[1, 16], [3, 13]]","[]","[[1, 2, 2.0, 1.0], [2, 3, 2.0, 1.0], [13, 14, 1.5, 1.0], [13, 17, 1.5, 1.0], [14, 15, 1.5, 2.0], [15, 16, 1.5, 1.0], [16, 17, 1.5, 1.0]]","[[13, 14], [13, 17], [14, 15], [15, 16], [16, 17]]","PASS","1.0","[]","mces_primary","OK","0.8298333333333333","ACCEPT","","0.8298333333333333","SUCCESS","1.0","0","0","0","1.0","1.0","{""strategy"": ""mces_primary"", ""mces_triggered"": true, ""mces_changed_winner"": true, ""mces_num_candidates"": 1, ""mces_coverage"": 0.9444444444444444}","PASS","[]","bridge_o","mapped","True","True"
"15","C=C=CN1C(=O)OCC1CCCCc1ccco1","O=C1C[C@H]2C=C[C@]3(CCCC[C@H]4COC(=O)N4[C@H]13)O2","O=C1C[C@H]2C=C[C@]3(CCCC[C@H]4COC(=O)N4[C@H]13)O2","False","C=C=CN(C(OC1)=O)C1CCCCC2=CC=CO2","1","O=C1C[C@H]2C=C[C@]3(O2)[C@]1([H])N(C(OC4)=O)[C@@]4([H])CCCC3","O=C1C[C@H]2C=C[C@]3(CCCC[C@H]4COC(=O)N4[C@H]13)O2","C=C=CN1C(=O)OCC1CCCCc1ccco1>>O=C1C[C@H]2C=C[C@]3(CCCC[C@H]4COC(=O)N4[C@H]13)O2","ae33b7111b9c50ec9c292bf9e9d32ec26b2d4f8a6cde90fbb860d8d90aad0e23","ae33b7111b9c50ec__26a350","[CH2:1]=[C:2]=[CH:3][N:4]1[C:5](=[O:6])[O:7][CH2:8][CH:9]1[CH2:10][CH2:11][CH2:12][CH2:13][c:14]1[cH:15][cH:16][cH:17][o:18]1>>O=[C:2]1[CH2:1][C@H:17]2[CH:16]=[CH:15][C@@:14]3([C@@H:3]1[N:4]1[C:5](=[O:6])[O:7][CH2:8][C@@H:9]1[CH2:10][CH2:11][CH2:12][CH2:13]3)[O:18]2","OK","","0.8235665634674922","allenamide","general","{""1"": 1, ""13"": 13, ""14"": 14, ""15"": 15, ""16"": 16, ""17"": 17, ""18"": 18, ""2"": 2, ""3"": 3, ""4"": 4}","1-17:formed;3-14:formed;1-2:order_changed(DOUBLE→SINGLE);2-3:order_changed(DOUBLE→SINGLE);14-15:order_changed(AROMATIC→SINGLE);14-18:order_changed(AROMATIC→SINGLE);15-16:order_changed(AROMATIC→DOUBLE);16-17:order_changed(AROMATIC→SINGLE);17-18:order_changed(AROMATIC→SINGLE)","OK","","7","4+3","HIGH","resolver:dearomatization_cycloaddition;family:4+3;consistency:consistent;n_frags:1;topology_hint:INTRA","{""formed"": [[1, 17], [3, 14]], ""broken"": [], ""order_changed"": [[1, 2, ""DOUBLE"", ""SINGLE""], [2, 3, ""DOUBLE"", ""SINGLE""], [14, 15, ""AROMATIC"", ""SINGLE""], [14, 18, ""AROMATIC"", ""SINGLE""], [15, 16, ""AROMATIC"", ""DOUBLE""], [16, 17, ""AROMATIC"", ""SINGLE""], [17, 18, ""AROMATIC"", ""SINGLE""]]}","[1, 2, 3, 14, 15, 16, 17, 18]","[[1, 17], [3, 14]]","","dearomatization_cycloaddition","RESOLVED","{""furan_atoms"": [14, 17], ""allenamide_atoms"": [1, 3], ""raw_formed_count"": 2, ""mechanistic_formed_count"": 2, ""ring_validation"": ""mismatch"", ""selection_method"": ""smarts_exact"", ""component_contract_satisfied"": true, ""precursor_type"": ""allenamide"", ""precursor_subtype"": ""general""}","PASS","INTRA_TYPE_I","tether:saturated_chain","[4+3]","reaction_type:4+3","0.57","0.57","","individual","0.57","fraction","False","False","False","REACTIVE","0.4","","70","30","text","25","298.15","25.0","25.0","25","CH2Cl2","DMDO","","0","False","False","1","1","0","CH2Cl2","DMDO","","","NOT_EVALUABLE","False","OK","True","OK","GOOD","","[[1, 17], [3, 14]]","[]","[[1, 2, 2.0, 1.0], [2, 3, 2.0, 1.0], [14, 15, 1.5, 1.0], [14, 18, 1.5, 1.0], [15, 16, 1.5, 2.0], [16, 17, 1.5, 1.0], [17, 18, 1.5, 1.0]]","[[14, 15], [14, 18], [15, 16], [16, 17], [17, 18]]","PASS","1.0","[]","mces_primary","OK","0.8235665634674922","ACCEPT","","0.8235665634674922","SUCCESS","1.0","0","0","0","1.0","1.0","{""strategy"": ""mces_primary"", ""mces_triggered"": true, ""mces_changed_winner"": true, ""mces_num_candidates"": 1, ""mces_coverage"": 0.9473684210526315}","PASS","[]","bridge_o","mapped","True","True"
"16","C=C=CN1C(=O)CCC1Cc1ccco1","O=C1C[C@H]2C=C[C@]3(C[C@H]4CCC(=O)N4[C@H]13)O2","O=C1C[C@H]2C=C[C@]3(C[C@H]4CCC(=O)N4[C@H]13)O2","False","C=C=CN1C(CCC1CC2=CC=CO2)=O","1","O=C1N2[C@](C[C@@](C=C[C@@H]3C4)(O3)[C@@]2([H])C4=O)([H])CC1","O=C1C[C@H]2C=C[C@]3(C[C@H]4CCC(=O)N4[C@H]13)O2","C=C=CN1C(=O)CCC1Cc1ccco1>>O=C1C[C@H]2C=C[C@]3(C[C@H]4CCC(=O)N4[C@H]13)O2","99a0b8597d92713baef2934a33faa52cb2432833d72cc72de4687e34e48acdff","99a0b8597d92713b__c02c8b","[CH2:1]=[C:2]=[CH:3][N:4]1[C:5](=[O:6])[CH2:7][CH2:8][CH:9]1[CH2:10][c:11]1[cH:12][cH:13][cH:14][o:15]1>>O=[C:2]1[CH2:1][C@H:14]2[CH:13]=[CH:12][C@@:11]3([C@@H:3]1[N:4]1[C:5](=[O:6])[CH2:7][CH2:8][C@@H:9]1[CH2:10]3)[O:15]2","OK","","0.8450714285714286","allenamide","general","{""1"": 1, ""10"": 10, ""11"": 11, ""12"": 12, ""13"": 13, ""14"": 14, ""15"": 15, ""2"": 2, ""3"": 3, ""4"": 4}","1-14:formed;3-11:formed;1-2:order_changed(DOUBLE→SINGLE);2-3:order_changed(DOUBLE→SINGLE);11-12:order_changed(AROMATIC→SINGLE);11-15:order_changed(AROMATIC→SINGLE);12-13:order_changed(AROMATIC→DOUBLE);13-14:order_changed(AROMATIC→SINGLE);14-15:order_changed(AROMATIC→SINGLE)","OK","","7","4+3","HIGH","resolver:dearomatization_cycloaddition;family:4+3;consistency:consistent;n_frags:1;topology_hint:INTRA","{""formed"": [[1, 14], [3, 11]], ""broken"": [], ""order_changed"": [[1, 2, ""DOUBLE"", ""SINGLE""], [2, 3, ""DOUBLE"", ""SINGLE""], [11, 12, ""AROMATIC"", ""SINGLE""], [11, 15, ""AROMATIC"", ""SINGLE""], [12, 13, ""AROMATIC"", ""DOUBLE""], [13, 14, ""AROMATIC"", ""SINGLE""], [14, 15, ""AROMATIC"", ""SINGLE""]]}","[1, 2, 3, 11, 12, 13, 14, 15]","[[1, 14], [3, 11]]","","dearomatization_cycloaddition","RESOLVED","{""furan_atoms"": [11, 14], ""allenamide_atoms"": [1, 3], ""raw_formed_count"": 2, ""mechanistic_formed_count"": 2, ""ring_validation"": ""mismatch"", ""selection_method"": ""smarts_exact"", ""component_contract_satisfied"": true, ""precursor_type"": ""allenamide"", ""precursor_subtype"": ""general""}","PASS","INTRA_TYPE_I","tether:saturated_chain","[4+3]","reaction_type:4+3","0.9","0.9","","individual","0.9","fraction","False","False","False","REACTIVE","0.74","","87","13","text","25","298.15","25.0","25.0","25","CH2Cl2","DMDO","","0","False","False","1","1","0","CH2Cl2","DMDO","","","NOT_EVALUABLE","False","OK","True","OK","GOOD","","[[1, 14], [3, 11]]","[]","[[1, 2, 2.0, 1.0], [2, 3, 2.0, 1.0], [11, 12, 1.5, 1.0], [11, 15, 1.5, 1.0], [12, 13, 1.5, 2.0], [13, 14, 1.5, 1.0], [14, 15, 1.5, 1.0]]","[[11, 12], [11, 15], [12, 13], [13, 14], [14, 15]]","PASS","1.0","[]","mces_primary","OK","0.8450714285714286","ACCEPT","","0.8450714285714286","SUCCESS","1.0","0","0","0","1.0","1.0","{""strategy"": ""mces_primary"", ""mces_triggered"": true, ""mces_changed_winner"": true, ""mces_num_candidates"": 1, ""mces_coverage"": 0.9375}","PASS","[]","bridge_o","mapped","True","True"
"17","C=C=CN1C(=O)CCC1Cc1ccco1","O=C1C[C@H]2C=C[C@]3(C[C@H]4CCC(=O)N4[C@H]13)O2","O=C1C[C@H]2C=C[C@]3(C[C@H]4CCC(=O)N4[C@H]13)O2","False","C=C=CN1C(CCC1CC2=CC=CO2)=O","1","O=C1N2[C@](C[C@@](C=C[C@@H]3C4)(O3)[C@@]2([H])C4=O)([H])CC1","O=C1C[C@H]2C=C[C@]3(C[C@H]4CCC(=O)N4[C@H]13)O2","C=C=CN1C(=O)CCC1Cc1ccco1>>O=C1C[C@H]2C=C[C@]3(C[C@H]4CCC(=O)N4[C@H]13)O2","99a0b8597d92713baef2934a33faa52cb2432833d72cc72de4687e34e48acdff","99a0b8597d92713b__1c5b8b","[CH2:1]=[C:2]=[CH:3][N:4]1[C:5](=[O:6])[CH2:7][CH2:8][CH:9]1[CH2:10][c:11]1[cH:12][cH:13][cH:14][o:15]1>>O=[C:2]1[CH2:1][C@H:14]2[CH:13]=[CH:12][C@@:11]3([C@@H:3]1[N:4]1[C:5](=[O:6])[CH2:7][CH2:8][C@@H:9]1[CH2:10]3)[O:15]2","OK","","0.8450714285714286","allenamide","general","{""1"": 1, ""10"": 10, ""11"": 11, ""12"": 12, ""13"": 13, ""14"": 14, ""15"": 15, ""2"": 2, ""3"": 3, ""4"": 4}","1-14:formed;3-11:formed;1-2:order_changed(DOUBLE→SINGLE);2-3:order_changed(DOUBLE→SINGLE);11-12:order_changed(AROMATIC→SINGLE);11-15:order_changed(AROMATIC→SINGLE);12-13:order_changed(AROMATIC→DOUBLE);13-14:order_changed(AROMATIC→SINGLE);14-15:order_changed(AROMATIC→SINGLE)","OK","","7","4+3","HIGH","resolver:dearomatization_cycloaddition;family:4+3;consistency:consistent;n_frags:1;topology_hint:INTRA","{""formed"": [[1, 14], [3, 11]], ""broken"": [], ""order_changed"": [[1, 2, ""DOUBLE"", ""SINGLE""], [2, 3, ""DOUBLE"", ""SINGLE""], [11, 12, ""AROMATIC"", ""SINGLE""], [11, 15, ""AROMATIC"", ""SINGLE""], [12, 13, ""AROMATIC"", ""DOUBLE""], [13, 14, ""AROMATIC"", ""SINGLE""], [14, 15, ""AROMATIC"", ""SINGLE""]]}","[1, 2, 3, 11, 12, 13, 14, 15]","[[1, 14], [3, 11]]","","dearomatization_cycloaddition","RESOLVED","{""furan_atoms"": [11, 14], ""allenamide_atoms"": [1, 3], ""raw_formed_count"": 2, ""mechanistic_formed_count"": 2, ""ring_validation"": ""mismatch"", ""selection_method"": ""smarts_exact"", ""component_contract_satisfied"": true, ""precursor_type"": ""allenamide"", ""precursor_subtype"": ""general""}","PASS","INTRA_TYPE_I","tether:saturated_chain","[4+3]","reaction_type:4+3","0.85","0.85","","individual","0.85","fraction","False","False","False","REACTIVE","0.86","","93","7","text","-45","228.14999999999998","-45.0","-45.0","-45","CH2Cl2","DMDO","","0","False","False","1","1","0","CH2Cl2","DMDO","","","NOT_EVALUABLE","False","OK","True","OK","GOOD","","[[1, 14], [3, 11]]","[]","[[1, 2, 2.0, 1.0], [2, 3, 2.0, 1.0], [11, 12, 1.5, 1.0], [11, 15, 1.5, 1.0], [12, 13, 1.5, 2.0], [13, 14, 1.5, 1.0], [14, 15, 1.5, 1.0]]","[[11, 12], [11, 15], [12, 13], [13, 14], [14, 15]]","PASS","1.0","[]","mces_primary","OK","0.8450714285714286","ACCEPT","","0.8450714285714286","SUCCESS","1.0","0","0","0","1.0","1.0","{""strategy"": ""mces_primary"", ""mces_triggered"": true, ""mces_changed_winner"": true, ""mces_num_candidates"": 1, ""mces_coverage"": 0.9375}","PASS","[]","bridge_o","mapped","True","True"
"18","C=C=CN1C(=O)CCC1CCCCc1ccco1","O=C1C[C@H]2C=C[C@]3(CCCC[C@H]4CCC(=O)N4[C@H]13)O2","O=C1C[C@H]2C=C[C@]3(CCCC[C@H]4CCC(=O)N4[C@H]13)O2","False","C=C=CN(C(CC1)=O)C1CCCCC2=CC=CO2","1","O=C1C[C@H]2C=C[C@]3(O2)[C@]1([H])N(C(CC4)=O)[C@@]4([H])CCCC3","O=C1C[C@H]2C=C[C@]3(CCCC[C@H]4CCC(=O)N4[C@H]13)O2","C=C=CN1C(=O)CCC1CCCCc1ccco1>>O=C1C[C@H]2C=C[C@]3(CCCC[C@H]4CCC(=O)N4[C@H]13)O2","c308e1ba6b7f70db85eca186e036cfdb32def247d5b53c0292d495d2439f9fa4","c308e1ba6b7f70db__ffe29a","[CH2:1]=[C:2]=[CH:3][N:4]1[C:5](=[O:6])[CH2:7][CH2:8][CH:9]1[CH2:10][CH2:11][CH2:12][CH2:13][c:14]1[cH:15][cH:16][cH:17][o:18]1>>O=[C:2]1[CH2:1][C@H:17]2[CH:16]=[CH:15][C@@:14]3([C@@H:3]1[N:4]1[C:5](=[O:6])[CH2:7][CH2:8][C@@H:9]1[CH2:10][CH2:11][CH2:12][CH2:13]3)[O:18]2","OK","","0.8235665634674922","allenamide","general","{""1"": 1, ""13"": 13, ""14"": 14, ""15"": 15, ""16"": 16, ""17"": 17, ""18"": 18, ""2"": 2, ""3"": 3, ""4"": 4}","1-17:formed;3-14:formed;1-2:order_changed(DOUBLE→SINGLE);2-3:order_changed(DOUBLE→SINGLE);14-15:order_changed(AROMATIC→SINGLE);14-18:order_changed(AROMATIC→SINGLE);15-16:order_changed(AROMATIC→DOUBLE);16-17:order_changed(AROMATIC→SINGLE);17-18:order_changed(AROMATIC→SINGLE)","OK","","7","4+3","HIGH","resolver:dearomatization_cycloaddition;family:4+3;consistency:consistent;n_frags:1;topology_hint:INTRA","{""formed"": [[1, 17], [3, 14]], ""broken"": [], ""order_changed"": [[1, 2, ""DOUBLE"", ""SINGLE""], [2, 3, ""DOUBLE"", ""SINGLE""], [14, 15, ""AROMATIC"", ""SINGLE""], [14, 18, ""AROMATIC"", ""SINGLE""], [15, 16, ""AROMATIC"", ""DOUBLE""], [16, 17, ""AROMATIC"", ""SINGLE""], [17, 18, ""AROMATIC"", ""SINGLE""]]}","[1, 2, 3, 14, 15, 16, 17, 18]","[[1, 17], [3, 14]]","","dearomatization_cycloaddition","RESOLVED","{""furan_atoms"": [14, 17], ""allenamide_atoms"": [1, 3], ""raw_formed_count"": 2, ""mechanistic_formed_count"": 2, ""ring_validation"": ""mismatch"", ""selection_method"": ""smarts_exact"", ""component_contract_satisfied"": true, ""precursor_type"": ""allenamide"", ""precursor_subtype"": ""general""}","PASS","INTRA_TYPE_I","tether:saturated_chain","[4+3]","reaction_type:4+3","0.4","0.4","","individual","0.4","fraction","False","False","False","REACTIVE","0.04","","52","48","text","25","298.15","25.0","25.0","25","CH2Cl2","DMDO","","0","False","False","1","1","0","CH2Cl2","DMDO","","","NOT_EVALUABLE","False","OK","True","OK","GOOD","","[[1, 17], [3, 14]]","[]","[[1, 2, 2.0, 1.0], [2, 3, 2.0, 1.0], [14, 15, 1.5, 1.0], [14, 18, 1.5, 1.0], [15, 16, 1.5, 2.0], [16, 17, 1.5, 1.0], [17, 18, 1.5, 1.0]]","[[14, 15], [14, 18], [15, 16], [16, 17], [17, 18]]","PASS","1.0","[]","mces_primary","OK","0.8235665634674922","ACCEPT","","0.8235665634674922","SUCCESS","1.0","0","0","0","1.0","1.0","{""strategy"": ""mces_primary"", ""mces_triggered"": true, ""mces_changed_winner"": true, ""mces_num_candidates"": 1, ""mces_coverage"": 0.9473684210526315}","PASS","[]","bridge_o","mapped","True","True"
"19","C=C=CN1C(=O)CCC1C/C=C/C=C","O=C1CCC=C[C@H]2C[C@H]3CCC(=O)N3[C@H]12","O=C1CCC=C[C@H]2C[C@H]3CCC(=O)N3[C@H]12","False","C=C/C=C/CC1CCC(N1C=C=C)=O","1","O=C1N2[C@](C[C@@](C=CCC3)([H])[C@@]2([H])C3=O)([H])CC1","O=C1CCC=C[C@H]2C[C@H]3CCC(=O)N3[C@H]12","C=C=CN1C(=O)CCC1C/C=C/C=C>>O=C1CCC=C[C@H]2C[C@H]3CCC(=O)N3[C@H]12","b13d354eeb068a94ff44ce007b02a2d9c45ee6414b015795a9c3e600f7d0f884","b13d354eeb068a94__9cd074","[CH2:1]=[C:2]=[CH:3][N:4]1[C:5](=[O:6])[CH2:7][CH2:8][CH:9]1[CH2:10]/[CH:11]=[CH:12]/[CH:13]=[CH2:14]>>O=[C:2]1[CH2:1][CH2:14][CH:13]=[CH:12][C@@H:11]2[C@@H:3]1[N:4]1[C:5](=[O:6])[CH2:7][CH2:8][C@@H:9]1[CH2:10]2","OK","","0.7852307692307693","allenamide","general","","1-14:formed;3-11:formed;1-2:order_changed(DOUBLE→SINGLE);2-3:order_changed(DOUBLE→SINGLE);11-12:order_changed(DOUBLE→SINGLE);12-13:order_changed(SINGLE→DOUBLE);13-14:order_changed(DOUBLE→SINGLE)","OK","","","4+3","HIGH","resolver:dearomatization_cycloaddition;family:4+3;consistency:consistent;n_frags:1;topology_hint:INTRA","{""formed"": [[1, 14], [3, 11]], ""broken"": [], ""order_changed"": [[1, 2, ""DOUBLE"", ""SINGLE""], [2, 3, ""DOUBLE"", ""SINGLE""], [11, 12, ""DOUBLE"", ""SINGLE""], [12, 13, ""SINGLE"", ""DOUBLE""], [13, 14, ""DOUBLE"", ""SINGLE""]]}","[1, 2, 3, 11, 12, 13, 14]","[[1, 14], [3, 11]]","","dearomatization_cycloaddition","RESOLVED","{""furan_atoms"": [], ""allenamide_atoms"": [1, 3], ""raw_formed_count"": 2, ""mechanistic_formed_count"": 2, ""ring_validation"": ""match"", ""selection_method"": ""allenamide_bridged_topology"", ""component_contract_satisfied"": false, ""precursor_type"": ""allenamide"", ""precursor_subtype"": ""general""}","PASS","INTRA_TYPE_I","tether:saturated_chain","[4+3]","reaction_type:4+3","0.76","0.76","","individual","0.76","fraction","False","False","False","REACTIVE","0.2","","60","40","text","25","298.15","25.0","25.0","25","CH2Cl2","DMDO","","0","False","False","1","1","0","CH2Cl2","DMDO","","","NOT_EVALUABLE","False","OK","True","OK","GOOD","","[[1, 14], [3, 11]]","[]","[[1, 2, 2.0, 1.0], [2, 3, 2.0, 1.0], [11, 12, 2.0, 1.0], [12, 13, 1.0, 2.0], [13, 14, 2.0, 1.0]]","[]","PASS","1.0","[]","mces_primary","OK","0.7852307692307693","ACCEPT","","0.7852307692307693","SUCCESS","1.0","0","0","0","1.0","1.0","{""strategy"": ""mces_primary"", ""mces_triggered"": true, ""mces_changed_winner"": true, ""mces_num_candidates"": 1, ""mces_coverage"": 0.9333333333333333}","PASS","[]","missing","no_bridge","True","True"
"20","C=C=CN1C(=O)CCC1C/C=C/C=C","O=C1CCC=C[C@H]2C[C@H]3CCC(=O)N3[C@H]12","O=C1CCC=C[C@H]2C[C@H]3CCC(=O)N3[C@H]12","False","C=C/C=C/CC1CCC(N1C=C=C)=O","1","O=C1N2[C@](C[C@@](C=CCC3)([H])[C@@]2([H])C3=O)([H])CC1","O=C1CCC=C[C@H]2C[C@H]3CCC(=O)N3[C@H]12","C=C=CN1C(=O)CCC1C/C=C/C=C>>O=C1CCC=C[C@H]2C[C@H]3CCC(=O)N3[C@H]12","b13d354eeb068a94ff44ce007b02a2d9c45ee6414b015795a9c3e600f7d0f884","b13d354eeb068a94__ade9f9","[CH2:1]=[C:2]=[CH:3][N:4]1[C:5](=[O:6])[CH2:7][CH2:8][CH:9]1[CH2:10]/[CH:11]=[CH:12]/[CH:13]=[CH2:14]>>O=[C:2]1[CH2:1][CH2:14][CH:13]=[CH:12][C@@H:11]2[C@@H:3]1[N:4]1[C:5](=[O:6])[CH2:7][CH2:8][C@@H:9]1[CH2:10]2","OK","","0.7852307692307693","allenamide","general","","1-14:formed;3-11:formed;1-2:order_changed(DOUBLE→SINGLE);2-3:order_changed(DOUBLE→SINGLE);11-12:order_changed(DOUBLE→SINGLE);12-13:order_changed(SINGLE→DOUBLE);13-14:order_changed(DOUBLE→SINGLE)","OK","","","4+3","HIGH","resolver:dearomatization_cycloaddition;family:4+3;consistency:consistent;n_frags:1;topology_hint:INTRA","{""formed"": [[1, 14], [3, 11]], ""broken"": [], ""order_changed"": [[1, 2, ""DOUBLE"", ""SINGLE""], [2, 3, ""DOUBLE"", ""SINGLE""], [11, 12, ""DOUBLE"", ""SINGLE""], [12, 13, ""SINGLE"", ""DOUBLE""], [13, 14, ""DOUBLE"", ""SINGLE""]]}","[1, 2, 3, 11, 12, 13, 14]","[[1, 14], [3, 11]]","","dearomatization_cycloaddition","RESOLVED","{""furan_atoms"": [], ""allenamide_atoms"": [1, 3], ""raw_formed_count"": 2, ""mechanistic_formed_count"": 2, ""ring_validation"": ""match"", ""selection_method"": ""allenamide_bridged_topology"", ""component_contract_satisfied"": false, ""precursor_type"": ""allenamide"", ""precursor_subtype"": ""general""}","PASS","INTRA_TYPE_I","tether:saturated_chain","[4+3]","reaction_type:4+3","0.75","0.75","","individual","0.75","fraction","False","False","False","REACTIVE","0.24","","62","38","text","-45","228.14999999999998","-45.0","-45.0","-45","CH2Cl2","DMDO","","0","False","False","1","1","0","CH2Cl2","DMDO","","","NOT_EVALUABLE","False","OK","True","OK","GOOD","","[[1, 14], [3, 11]]","[]","[[1, 2, 2.0, 1.0], [2, 3, 2.0, 1.0], [11, 12, 2.0, 1.0], [12, 13, 1.0, 2.0], [13, 14, 2.0, 1.0]]","[]","PASS","1.0","[]","mces_primary","OK","0.7852307692307693","ACCEPT","","0.7852307692307693","SUCCESS","1.0","0","0","0","1.0","1.0","{""strategy"": ""mces_primary"", ""mces_triggered"": true, ""mces_changed_winner"": true, ""mces_num_candidates"": 1, ""mces_coverage"": 0.9333333333333333}","PASS","[]","missing","no_bridge","True","True"
